<Plugin>
<Name>DB2</Name>
<Version>1.0</Version>
<PluginType>Perl</PluginType>
<DisplayName>IBM DB2</DisplayName>
<SupportedOS>
<OS>
<OSName></OSName>
<OSVersion>7</OSVersion>
</OS>
<OS>
<OSName>windows</OSName>
<OSVersion>2012</OSVersion>
</OS>
</SupportedOS>
<ResourceTypes>
<ResourceType>
<ResourceName>Database</ResourceName>
<Parent>Instance</Parent>
</ResourceType>
<ResourceType>
<ResourceName>Instance</ResourceName>
</ResourceType>
</ResourceTypes>
<RequireFileSystemPlugin>no</RequireFileSystemPlugin>
</Plugin>