<?xml version="1.0" encoding="UTF-8" standalone="yes"?>
<finder name="f76bf6ca-6c1b-4076-b822-67933ed4dde5" privateFinder="true">
    <certification>NETAPP</certification>
    <uuid>8d429d30-e377-4b80-8d1c-8443d1c50b65</uuid>
    <version>1.0.0</version>
    <attributes>
        <attributes alias="name" columnName="name" sortingOrder="ASCENDING">
            <filter>67302f97-2c7c-41fd-8442-5a752cfcc998</filter>
        </attributes>
        <attributes alias="vserver.cluster.primary_address" columnName="vserver.cluster.primary_address" sortingOrder="ASCENDING">
            <filter>67302f97-2c7c-41fd-8442-5a752cfcc998</filter>
        </attributes>
        <attributes alias="vserver.name" columnName="vserver.name" sortingOrder="ASCENDING">
            <filter>67302f97-2c7c-41fd-8442-5a752cfcc998</filter>
        </attributes>
        <attributes alias="PSL_Name" columnName="PSL_Name" sortingOrder="ASCENDING">
            <filter>67302f97-2c7c-41fd-8442-5a752cfcc998</filter>
        </attributes>
    </attributes>
    <dictionary-entry>17befd19-c47e-43d1-b050-5197e3254e7b</dictionary-entry>
    <filters>
        <filter>67302f97-2c7c-41fd-8442-5a752cfcc998</filter>
    </filters>
</finder>
