<?xml version="1.0" encoding="UTF-8" standalone="yes"?>
<finder name="2919e641-4634-4573-8928-5a26ce636725" privateFinder="true">
    <certification>NETAPP</certification>
    <uuid>f118d035-407c-4953-be60-208bcd25ce2b</uuid>
    <version>1.0.0</version>
    <attributes>
        <attributes alias="name" columnName="name" sortingOrder="ASCENDING">
            <filter>7a05b3b7-f105-449c-a715-8b13410a34cc</filter>
        </attributes>
        <attributes alias="vserver.cluster.primary_address" columnName="vserver.cluster.primary_address" sortingOrder="ASCENDING">
            <filter>7a05b3b7-f105-449c-a715-8b13410a34cc</filter>
        </attributes>
        <attributes alias="vserver.name" columnName="vserver.name" sortingOrder="ASCENDING">
            <filter>7a05b3b7-f105-449c-a715-8b13410a34cc</filter>
        </attributes>
    </attributes>
    <dictionary-entry>17befd19-c47e-43d1-b050-5197e3254e7b</dictionary-entry>
    <filters>
        <filter>7a05b3b7-f105-449c-a715-8b13410a34cc</filter>
    </filters>
</finder>
