<?xml version="1.0" encoding="UTF-8" standalone="yes"?>
<finder name="55b7d045-1763-4d8e-b529-5d860958f780" privateFinder="true">
    <certification>NETAPP</certification>
    <uuid>a48cbc3e-7070-4a3d-b1ca-601f1ece5c67</uuid>
    <version>1.0.0</version>
    <attributes>
        <attributes alias="cluster.primary_address" columnName="cluster.primary_address" sortingOrder="ASCENDING">
            <filter>0780286f-f931-4268-accd-908f891bfd38</filter>
        </attributes>
        <attributes alias="name" columnName="name" sortingOrder="ASCENDING">
            <filter>0780286f-f931-4268-accd-908f891bfd38</filter>
        </attributes>
    </attributes>
    <dictionary-entry>a576587e-c4c3-479c-8aee-ee3e03d2ad09</dictionary-entry>
    <filters>
        <filter>0780286f-f931-4268-accd-908f891bfd38</filter>
    </filters>
</finder>
