<?xml version="1.0" encoding="UTF-8" standalone="yes"?>
<finder name="79f4222b-83f7-4be2-9861-dcff3b85c137" privateFinder="true">
    <certification>NETAPP</certification>
    <uuid>0b7f0dad-5b51-41b3-a7be-b264a58a01ac</uuid>
    <version>1.0.0</version>
    <attributes>
        <attributes alias="cluster.primary_address" columnName="cluster.primary_address" sortingOrder="ASCENDING">
            <filter>7aa765a6-c3ad-4df2-85d7-6ef1204735b9</filter>
        </attributes>
        <attributes alias="name" columnName="name" sortingOrder="ASCENDING">
            <filter>7aa765a6-c3ad-4df2-85d7-6ef1204735b9</filter>
        </attributes>
    </attributes>
    <dictionary-entry>27bfb32f-baa1-4571-abb5-c644c132ceea</dictionary-entry>
    <filters>
        <filter>87636742-6b94-4ef7-b953-f80d074955ff</filter>
        <filter>0d09441b-43a8-4d59-850d-eac58c405f95</filter>
        <filter>7aa765a6-c3ad-4df2-85d7-6ef1204735b9</filter>
        <filter>7f294b23-fbdd-446f-a208-31320acc9f8a</filter>
    </filters>
</finder>
