<?xml version="1.0" encoding="UTF-8" standalone="yes"?>
<finder name="aa5e214a-cbf9-4b8e-bbe7-2ee8467fbf77" privateFinder="true">
    <certification>NETAPP</certification>
    <uuid>32a46e76-42b9-4354-a5dd-b779bfafa32f</uuid>
    <version>1.0.0</version>
    <attributes>
        <attributes alias="cluster.primary_address" columnName="cluster.primary_address" sortingOrder="ASCENDING">
            <filter>8574ff39-2a92-46c7-afcf-3c5499518328</filter>
        </attributes>
        <attributes alias="name" columnName="name" sortingOrder="ASCENDING">
            <filter>8574ff39-2a92-46c7-afcf-3c5499518328</filter>
        </attributes>
    </attributes>
    <dictionary-entry>a576587e-c4c3-479c-8aee-ee3e03d2ad09</dictionary-entry>
    <filters>
        <filter>8574ff39-2a92-46c7-afcf-3c5499518328</filter>
    </filters>
</finder>
