<?xml version="1.0" encoding="UTF-8" standalone="yes"?>
<finder name="3a2d1bfb-3a15-4f08-88d3-23f282db6f23" privateFinder="true">
    <certification>NETAPP</certification>
    <uuid>a4b917dd-b38e-4872-8263-eea07573d13d</uuid>
    <version>1.0.0</version>
    <attributes>
        <attributes alias="name" columnName="name" sortingOrder="ASCENDING">
            <filter>7a05b3b7-f105-449c-a715-8b13410a34cc</filter>
        </attributes>
        <attributes alias="vserver.cluster.primary_address" columnName="vserver.cluster.primary_address" sortingOrder="ASCENDING">
            <filter>7a05b3b7-f105-449c-a715-8b13410a34cc</filter>
        </attributes>
        <attributes alias="vserver.name" columnName="vserver.name" sortingOrder="ASCENDING">
            <filter>7a05b3b7-f105-449c-a715-8b13410a34cc</filter>
        </attributes>
    </attributes>
    <dictionary-entry>17befd19-c47e-43d1-b050-5197e3254e7b</dictionary-entry>
    <filters>
        <filter>7a05b3b7-f105-449c-a715-8b13410a34cc</filter>
    </filters>
</finder>
