<?xml version="1.0" encoding="UTF-8" standalone="yes"?>
<finder name="39030843-936a-40e7-9c60-757ee22a9a2d" privateFinder="true">
    <certification>NETAPP</certification>
    <uuid>ad9fc514-00ea-49ae-ba29-7e085ca6e7fb</uuid>
    <version>1.0.0</version>
    <attributes>
        <attributes alias="cluster.primary_address" columnName="cluster.primary_address" sortingOrder="ASCENDING">
            <filter>0780286f-f931-4268-accd-908f891bfd38</filter>
        </attributes>
        <attributes alias="name" columnName="name" sortingOrder="ASCENDING">
            <filter>0780286f-f931-4268-accd-908f891bfd38</filter>
        </attributes>
    </attributes>
    <dictionary-entry>a576587e-c4c3-479c-8aee-ee3e03d2ad09</dictionary-entry>
    <filters>
        <filter>0780286f-f931-4268-accd-908f891bfd38</filter>
    </filters>
</finder>
