<?xml version="1.0" encoding="UTF-8" standalone="yes"?>
<finder name="7c14307e-991e-4f7f-b591-18da6c618c45" privateFinder="true">
    <certification>NETAPP</certification>
    <uuid>5357586b-40ad-449d-bf47-d13136d5b985</uuid>
    <version>1.0.0</version>
    <attributes>
        <attributes alias="cluster.primary_address" columnName="cluster.primary_address" sortingOrder="ASCENDING">
            <filter>8574ff39-2a92-46c7-afcf-3c5499518328</filter>
        </attributes>
        <attributes alias="name" columnName="name" sortingOrder="ASCENDING">
            <filter>8574ff39-2a92-46c7-afcf-3c5499518328</filter>
        </attributes>
    </attributes>
    <dictionary-entry>a576587e-c4c3-479c-8aee-ee3e03d2ad09</dictionary-entry>
    <filters>
        <filter>8574ff39-2a92-46c7-afcf-3c5499518328</filter>
    </filters>
</finder>
