<?xml version="1.0" encoding="UTF-8" standalone="yes"?>
<finder name="886a9993-59c4-4217-912a-d7ded8efee9c" privateFinder="true">
    <certification>NETAPP</certification>
    <uuid>cd482ae2-6f0d-4af4-b1ae-24fc3702e686</uuid>
    <version>1.0.0</version>
    <attributes>
        <attributes alias="snapmirror_label" columnName="snapmirror_label" sortingOrder="ASCENDING">
            <filter>7506c8b1-054b-4ed6-bda8-d38b5a566aaa</filter>
        </attributes>
        <attributes alias="snapmirror_policy.name" columnName="snapmirror_policy.name" sortingOrder="ASCENDING">
            <filter>7506c8b1-054b-4ed6-bda8-d38b5a566aaa</filter>
        </attributes>
        <attributes alias="snapmirror_policy.vserver.cluster.primary_address" columnName="snapmirror_policy.vserver.cluster.primary_address" sortingOrder="ASCENDING">
            <filter>7506c8b1-054b-4ed6-bda8-d38b5a566aaa</filter>
        </attributes>
        <attributes alias="snapmirror_policy.vserver.name" columnName="snapmirror_policy.vserver.name" sortingOrder="ASCENDING">
            <filter>7506c8b1-054b-4ed6-bda8-d38b5a566aaa</filter>
        </attributes>
    </attributes>
    <dictionary-entry>8b10a37e-0a8f-46d6-b3ee-87a31ebbab78</dictionary-entry>
    <filters>
        <filter>7506c8b1-054b-4ed6-bda8-d38b5a566aaa</filter>
    </filters>
</finder>
