<?xml version="1.0" encoding="UTF-8" standalone="yes"?>
<finder name="6c5061b5-4ad9-4177-94a3-8c9c108784f0" privateFinder="true">
    <certification>NETAPP</certification>
    <uuid>0e8cd65b-3617-447c-8305-e2c4baa5eb4e</uuid>
    <version>1.0.0</version>
    <attributes>
        <attributes alias="cluster.primary_address" columnName="cluster.primary_address" sortingOrder="ASCENDING">
            <filter>8574ff39-2a92-46c7-afcf-3c5499518328</filter>
        </attributes>
        <attributes alias="name" columnName="name" sortingOrder="ASCENDING">
            <filter>8574ff39-2a92-46c7-afcf-3c5499518328</filter>
        </attributes>
    </attributes>
    <dictionary-entry>a576587e-c4c3-479c-8aee-ee3e03d2ad09</dictionary-entry>
    <filters>
        <filter>8574ff39-2a92-46c7-afcf-3c5499518328</filter>
    </filters>
</finder>
