<?xml version="1.0" encoding="UTF-8" standalone="yes"?>
<finder name="7fa464a4-cb28-4b49-9acd-ccab60eb90cd" privateFinder="true">
    <certification>NETAPP</certification>
    <uuid>b6fc2135-b9ca-4c0d-90fc-6caa8cac3c61</uuid>
    <version>1.0.0</version>
    <attributes>
        <attributes alias="name" columnName="name" sortingOrder="ASCENDING">
            <filter>1624ba7d-c2e3-40a7-b76b-db586afd88da</filter>
        </attributes>
        <attributes alias="vserver.cluster.primary_address" columnName="vserver.cluster.primary_address" sortingOrder="ASCENDING">
            <filter>1624ba7d-c2e3-40a7-b76b-db586afd88da</filter>
        </attributes>
        <attributes alias="vserver.name" columnName="vserver.name" sortingOrder="ASCENDING">
            <filter>1624ba7d-c2e3-40a7-b76b-db586afd88da</filter>
        </attributes>
    </attributes>
    <dictionary-entry>54ad014d-062b-4c49-97f0-9e291646ec1a</dictionary-entry>
    <filters>
        <filter>1624ba7d-c2e3-40a7-b76b-db586afd88da</filter>
    </filters>
</finder>
