<?xml version="1.0" encoding="UTF-8" standalone="yes"?>
<finder name="6e076c2a-8a17-437c-ae81-c69647c48b1e" privateFinder="true">
    <certification>NETAPP</certification>
    <uuid>77ab6eea-f441-4142-8368-aaa082ea4bf6</uuid>
    <version>1.0.0</version>
    <attributes>
        <attributes alias="schedule.cluster.primary_address" columnName="schedule.cluster.primary_address" sortingOrder="ASCENDING">
            <filter>8979d980-2915-4106-bae7-afa6f1f42596</filter>
        </attributes>
        <attributes alias="schedule.name" columnName="schedule.name" sortingOrder="ASCENDING">
            <filter>8979d980-2915-4106-bae7-afa6f1f42596</filter>
        </attributes>
        <attributes alias="snapshot_policy.name" columnName="snapshot_policy.name" sortingOrder="ASCENDING">
            <filter>8979d980-2915-4106-bae7-afa6f1f42596</filter>
        </attributes>
        <attributes alias="snapshot_policy.vserver.cluster.primary_address" columnName="snapshot_policy.vserver.cluster.primary_address" sortingOrder="ASCENDING">
            <filter>8979d980-2915-4106-bae7-afa6f1f42596</filter>
        </attributes>
        <attributes alias="snapshot_policy.vserver.name" columnName="snapshot_policy.vserver.name" sortingOrder="ASCENDING">
            <filter>8979d980-2915-4106-bae7-afa6f1f42596</filter>
        </attributes>
    </attributes>
    <dictionary-entry>9213161b-0302-428f-ae85-655834b4833f</dictionary-entry>
    <filters>
        <filter>8979d980-2915-4106-bae7-afa6f1f42596</filter>
    </filters>
</finder>
