<?xml version="1.0" encoding="UTF-8" standalone="yes"?>
<finder name="4cc1e533-8c9c-48f6-ad03-4794b72ff5e9" privateFinder="true">
    <certification>NETAPP</certification>
    <uuid>c94645d8-151f-4d95-ab0a-fee388aabe80</uuid>
    <version>1.0.0</version>
    <attributes>
        <attributes alias="schedule.cluster.primary_address" columnName="schedule.cluster.primary_address" sortingOrder="ASCENDING">
            <filter>8979d980-2915-4106-bae7-afa6f1f42596</filter>
        </attributes>
        <attributes alias="schedule.name" columnName="schedule.name" sortingOrder="ASCENDING">
            <filter>8979d980-2915-4106-bae7-afa6f1f42596</filter>
        </attributes>
        <attributes alias="snapshot_policy.name" columnName="snapshot_policy.name" sortingOrder="ASCENDING">
            <filter>8979d980-2915-4106-bae7-afa6f1f42596</filter>
        </attributes>
        <attributes alias="snapshot_policy.vserver.cluster.primary_address" columnName="snapshot_policy.vserver.cluster.primary_address" sortingOrder="ASCENDING">
            <filter>8979d980-2915-4106-bae7-afa6f1f42596</filter>
        </attributes>
        <attributes alias="snapshot_policy.vserver.name" columnName="snapshot_policy.vserver.name" sortingOrder="ASCENDING">
            <filter>8979d980-2915-4106-bae7-afa6f1f42596</filter>
        </attributes>
    </attributes>
    <dictionary-entry>9213161b-0302-428f-ae85-655834b4833f</dictionary-entry>
    <filters>
        <filter>8979d980-2915-4106-bae7-afa6f1f42596</filter>
    </filters>
</finder>
