<?xml version="1.0" encoding="UTF-8" standalone="yes"?>
<finder name="85cd2390-5246-4202-80d2-7e4997518979" privateFinder="true">
    <certification>NETAPP</certification>
    <uuid>52efeb74-818b-4428-a98c-99b3a5eb669e</uuid>
    <version>1.0.0</version>
    <attributes>
        <attributes alias="cluster.primary_address" columnName="cluster.primary_address" sortingOrder="ASCENDING">
            <filter>0780286f-f931-4268-accd-908f891bfd38</filter>
        </attributes>
        <attributes alias="name" columnName="name" sortingOrder="ASCENDING">
            <filter>0780286f-f931-4268-accd-908f891bfd38</filter>
        </attributes>
    </attributes>
    <dictionary-entry>a576587e-c4c3-479c-8aee-ee3e03d2ad09</dictionary-entry>
    <filters>
        <filter>0780286f-f931-4268-accd-908f891bfd38</filter>
    </filters>
</finder>
