<?xml version="1.0" encoding="UTF-8" standalone="yes"?>
<finder name="3549261a-9b96-4d01-90c8-bc2e96e04497" privateFinder="true">
    <certification>NETAPP</certification>
    <uuid>a9af04a6-7d57-468a-a962-307ccdfa9f0d</uuid>
    <version>1.0.0</version>
    <attributes>
        <attributes alias="snapmirror_label" columnName="snapmirror_label" sortingOrder="ASCENDING">
            <filter>7506c8b1-054b-4ed6-bda8-d38b5a566aaa</filter>
        </attributes>
        <attributes alias="snapmirror_policy.name" columnName="snapmirror_policy.name" sortingOrder="ASCENDING">
            <filter>7506c8b1-054b-4ed6-bda8-d38b5a566aaa</filter>
        </attributes>
        <attributes alias="snapmirror_policy.vserver.cluster.primary_address" columnName="snapmirror_policy.vserver.cluster.primary_address" sortingOrder="ASCENDING">
            <filter>7506c8b1-054b-4ed6-bda8-d38b5a566aaa</filter>
        </attributes>
        <attributes alias="snapmirror_policy.vserver.name" columnName="snapmirror_policy.vserver.name" sortingOrder="ASCENDING">
            <filter>7506c8b1-054b-4ed6-bda8-d38b5a566aaa</filter>
        </attributes>
    </attributes>
    <dictionary-entry>8b10a37e-0a8f-46d6-b3ee-87a31ebbab78</dictionary-entry>
    <filters>
        <filter>7506c8b1-054b-4ed6-bda8-d38b5a566aaa</filter>
    </filters>
</finder>
