<?xml version="1.0" encoding="UTF-8" standalone="yes"?>
<finder name="ef2cc382-5282-438a-b433-32f03e5efcc6" privateFinder="true">
    <certification>NETAPP</certification>
    <uuid>cda21fc3-2976-4340-9a12-ba7a4cc0b9f6</uuid>
    <version>1.0.0</version>
    <attributes>
        <attributes alias="snapmirror_label" columnName="snapmirror_label" sortingOrder="ASCENDING">
            <filter>7506c8b1-054b-4ed6-bda8-d38b5a566aaa</filter>
        </attributes>
        <attributes alias="snapmirror_policy.name" columnName="snapmirror_policy.name" sortingOrder="ASCENDING">
            <filter>7506c8b1-054b-4ed6-bda8-d38b5a566aaa</filter>
        </attributes>
        <attributes alias="snapmirror_policy.vserver.cluster.primary_address" columnName="snapmirror_policy.vserver.cluster.primary_address" sortingOrder="ASCENDING">
            <filter>7506c8b1-054b-4ed6-bda8-d38b5a566aaa</filter>
        </attributes>
        <attributes alias="snapmirror_policy.vserver.name" columnName="snapmirror_policy.vserver.name" sortingOrder="ASCENDING">
            <filter>7506c8b1-054b-4ed6-bda8-d38b5a566aaa</filter>
        </attributes>
    </attributes>
    <dictionary-entry>8b10a37e-0a8f-46d6-b3ee-87a31ebbab78</dictionary-entry>
    <filters>
        <filter>7506c8b1-054b-4ed6-bda8-d38b5a566aaa</filter>
    </filters>
</finder>
