<?xml version="1.0" encoding="UTF-8" standalone="yes"?>
<tabularWorkflow considerReservedElements="true" description="This workflow will do the following for setting up environment for SLO.&#xA;1) Create data models required to keep SLO details&#xA;2) Add default SSLs, PSLs and SLCs&#xA;3) The workflow adds &quot;QoS policy&quot; service to Windows services" enableElementExistenceValidation="true" name="Service Catalog Initialization" readyForProduction="true">
    <certification>NETAPP</certification>
    <uuid>c9b2e32f-f3f6-4e68-8422-25cce6d1b199</uuid>
    <version>1.0.0</version>
    <workflow-commands>
        <workflow-command breakpointBeforeCommand="false" commandAlias="Create/Drop Service Level Class Table" uuid="5769f676-6cc2-4489-a8b4-00e2371e7f2f">
            <command-definition>b094c87a-9459-4c8c-aedf-b71e1ffe6774</command-definition>
        </workflow-command>
        <workflow-command breakpointBeforeCommand="false" commandAlias="Create/Drop Storage Service Level table" uuid="c4f1fa12-118d-4c06-9891-cfe70be0f661">
            <command-definition>0b3f427a-3d7c-4daf-aeef-5bdb5e94265e</command-definition>
        </workflow-command>
        <workflow-command breakpointBeforeCommand="false" commandAlias="Create/Drop Aggregate to Service Map table" uuid="1fbbfd02-144a-4f9d-bed3-e5ed5bfaa9cb">
            <command-definition>4a87fb98-48fa-4e49-b5df-607ed7244e83</command-definition>
        </workflow-command>
        <workflow-command breakpointBeforeCommand="false" commandAlias="Create/Drop Protection Service Level table" uuid="fc784613-6fd2-4e8b-bc1f-3828a1080659">
            <command-definition>c4a26d41-f845-481d-8a99-f97841287538</command-definition>
        </workflow-command>
        <workflow-command breakpointBeforeCommand="false" commandAlias="Create/Drop QoS Default Values Table" uuid="0e964d81-8bbc-4c87-a372-ff88bb4a3255">
            <command-definition>d805137b-1adb-4d5c-89d0-b5366ead0850</command-definition>
        </workflow-command>
        <workflow-command breakpointBeforeCommand="false" commandAlias="Create/Drop Volume Service Map Table" uuid="6347a65c-34bd-427b-b59b-318ee9580aed">
            <command-definition>5ef0d581-e18b-47d6-b923-0b425971c844</command-definition>
        </workflow-command>
        <workflow-command breakpointBeforeCommand="false" commandAlias="Create/Drop QoS Node Table" uuid="6590563a-17cf-4dce-a2bc-bf06e530ea1f">
            <command-definition>dacc8cf8-3ace-4fa1-b49d-e675598ded6c</command-definition>
        </workflow-command>
        <workflow-command breakpointBeforeCommand="false" commandAlias="Install Config file" uuid="a2b560f0-5939-46cd-bb00-eb8b39237c85">
            <command-definition>ea839adc-0b64-41b7-8723-a1a6d2c3a151</command-definition>
        </workflow-command>
        <workflow-command breakpointBeforeCommand="false" commandAlias="Install Adaptive QoS Service" uuid="48e10c00-9560-4261-8937-ae656c7a9b11">
            <command-definition>3c5deece-ea4f-4d1a-a0c3-7c0088348b27</command-definition>
        </workflow-command>
        <workflow-command breakpointBeforeCommand="false" commandAlias="Initialize QoS Default Values" uuid="289f1c65-fa35-4a54-93f7-3addf1e45202">
            <command-definition>b179fefc-5d17-40b0-b13b-005f8acc738e</command-definition>
        </workflow-command>
        <workflow-command breakpointBeforeCommand="false" commandAlias="Enter Default Storage Services" uuid="8915d894-e537-4ecd-a393-5632208f2203">
            <command-definition>bb9bbfd3-6c7b-4864-b90a-7d3c0e238405</command-definition>
        </workflow-command>
        <workflow-command breakpointBeforeCommand="false" commandAlias="Enter Default Storage Services to config.txt" uuid="4736fd36-897c-42e5-b278-c32a6231ddcc">
            <command-definition>70d2e293-1145-49f9-b852-b4379ef6138e</command-definition>
        </workflow-command>
        <workflow-command breakpointBeforeCommand="false" commandAlias="Enter Default Protection Services" uuid="efd6ce67-44a0-432b-9107-57ea31fc0308">
            <command-definition>22e96221-2c46-4a2e-a128-721b4f9587d1</command-definition>
        </workflow-command>
        <workflow-command breakpointBeforeCommand="false" commandAlias="Enter default service Classes" uuid="d4bf6a8e-79d0-415b-8275-43bad9827e8b">
            <command-definition>62af8b8b-ec58-4738-990a-cc97f7f0fbe8</command-definition>
        </workflow-command>
        <workflow-command breakpointBeforeCommand="false" commandAlias="KP Uninstall" uuid="06b69dd1-afe8-4dad-aecf-5db733da694e">
            <command-definition>5ffe0161-e605-40da-9009-62cebaa645dc</command-definition>
        </workflow-command>
        <workflow-command breakpointBeforeCommand="false" commandAlias="KP Service Stopping" uuid="6a6015f6-c7bf-491d-954d-266208904119">
            <command-definition>3c5deece-ea4f-4d1a-a0c3-7c0088348b27</command-definition>
        </workflow-command>
        <workflow-command breakpointBeforeCommand="false" commandAlias="KP Service Deleting" uuid="7c514099-fcc4-4a1f-8203-3f56d70dbcfb">
            <command-definition>3c5deece-ea4f-4d1a-a0c3-7c0088348b27</command-definition>
        </workflow-command>
    </workflow-commands>
    <find-charts/>
    <minONTAPVersion>8.3.0</minONTAPVersion>
    <return-parameters/>
    <rows>
        <row>
            <command-details>
                <command-detail>
                    <command-mapped-objects/>
                    <execution-condition xmlns:xsi="http://www.w3.org/2001/XMLSchema-instance" xsi:type="alwaysCondition"/>
                    <other-parameters>
                        <command-parameter-value value="$Action">
                            <parameter-definition>9513627d-01c3-4264-81e9-d142ff5c1dda</parameter-definition>
                        </command-parameter-value>
                    </other-parameters>
                    <workflow-command>5769f676-6cc2-4489-a8b4-00e2371e7f2f</workflow-command>
                </command-detail>
                <command-detail>
                    <command-mapped-objects/>
                    <execution-condition xmlns:xsi="http://www.w3.org/2001/XMLSchema-instance" xsi:type="alwaysCondition"/>
                    <other-parameters>
                        <command-parameter-value value="$Action">
                            <parameter-definition>aac0faed-9435-4dce-ad99-5daa3782d4b8</parameter-definition>
                        </command-parameter-value>
                    </other-parameters>
                    <workflow-command>c4f1fa12-118d-4c06-9891-cfe70be0f661</workflow-command>
                </command-detail>
                <command-detail>
                    <command-mapped-objects/>
                    <execution-condition xmlns:xsi="http://www.w3.org/2001/XMLSchema-instance" xsi:type="alwaysCondition"/>
                    <other-parameters>
                        <command-parameter-value value="$Action">
                            <parameter-definition>e8cf7f19-d6da-461f-a6d6-b6024edd8e2b</parameter-definition>
                        </command-parameter-value>
                    </other-parameters>
                    <workflow-command>1fbbfd02-144a-4f9d-bed3-e5ed5bfaa9cb</workflow-command>
                </command-detail>
                <command-detail>
                    <command-mapped-objects/>
                    <execution-condition xmlns:xsi="http://www.w3.org/2001/XMLSchema-instance" xsi:type="alwaysCondition"/>
                    <other-parameters>
                        <command-parameter-value value="$Action">
                            <parameter-definition>054cdd63-3d5c-4dd8-b608-9896c41bc725</parameter-definition>
                        </command-parameter-value>
                    </other-parameters>
                    <workflow-command>fc784613-6fd2-4e8b-bc1f-3828a1080659</workflow-command>
                </command-detail>
                <command-detail>
                    <command-mapped-objects/>
                    <execution-condition xmlns:xsi="http://www.w3.org/2001/XMLSchema-instance" xsi:type="alwaysCondition"/>
                    <other-parameters>
                        <command-parameter-value value="$Action == &quot;Create&quot; ? &quot;create&quot; : &quot;drop&quot;">
                            <parameter-definition>380ecde4-b1bf-4d4a-a9ec-c56f54b8b7b9</parameter-definition>
                        </command-parameter-value>
                    </other-parameters>
                    <workflow-command>0e964d81-8bbc-4c87-a372-ff88bb4a3255</workflow-command>
                </command-detail>
                <command-detail>
                    <command-mapped-objects/>
                    <execution-condition xmlns:xsi="http://www.w3.org/2001/XMLSchema-instance" xsi:type="alwaysCondition"/>
                    <other-parameters>
                        <command-parameter-value value="$Action == &quot;Create&quot;? &quot;create&quot;:&quot;drop&quot;">
                            <parameter-definition>d1f8ca10-9bb6-47e6-b9a1-844d1a1287ae</parameter-definition>
                        </command-parameter-value>
                    </other-parameters>
                    <workflow-command>6347a65c-34bd-427b-b59b-318ee9580aed</workflow-command>
                </command-detail>
                <command-detail>
                    <command-mapped-objects/>
                    <execution-condition xmlns:xsi="http://www.w3.org/2001/XMLSchema-instance" xsi:type="alwaysCondition"/>
                    <other-parameters>
                        <command-parameter-value value="$Action">
                            <parameter-definition>37b1e0bb-0ce4-4116-9224-c44e6efdd32e</parameter-definition>
                        </command-parameter-value>
                    </other-parameters>
                    <workflow-command>6590563a-17cf-4dce-a2bc-bf06e530ea1f</workflow-command>
                </command-detail>
                <command-detail>
                    <command-mapped-objects/>
                    <execution-condition xmlns:xsi="http://www.w3.org/2001/XMLSchema-instance" xsi:type="expressionCondition" expression="$Action == 'Create'"/>
                    <other-parameters>
                        <command-parameter-value value="$Action">
                            <parameter-definition>cdec5a88-b5ac-4e95-bd3a-2727563f44c4</parameter-definition>
                        </command-parameter-value>
                    </other-parameters>
                    <workflow-command>a2b560f0-5939-46cd-bb00-eb8b39237c85</workflow-command>
                </command-detail>
                <command-detail>
                    <command-mapped-objects/>
                    <execution-condition xmlns:xsi="http://www.w3.org/2001/XMLSchema-instance" xsi:type="expressionCondition" expression="$Action == &quot;Create&quot;"/>
                    <other-parameters>
                        <command-parameter-value value="Add Service">
                            <parameter-definition>b866dab2-3729-4a46-a440-3f6bbdfcbb68</parameter-definition>
                        </command-parameter-value>
                    </other-parameters>
                    <workflow-command>48e10c00-9560-4261-8937-ae656c7a9b11</workflow-command>
                </command-detail>
                <command-detail>
                    <command-mapped-objects/>
                    <execution-condition xmlns:xsi="http://www.w3.org/2001/XMLSchema-instance" xsi:type="expressionCondition" expression="$Action == 'Create'"/>
                    <other-parameters>
                        <command-parameter-value value="insert">
                            <parameter-definition>a5467506-d699-45ae-8206-84436c5726ea</parameter-definition>
                        </command-parameter-value>
                        <command-parameter-value value="DEBUG">
                            <parameter-definition>5e720fa3-74d6-456e-83d7-487933500c83</parameter-definition>
                        </command-parameter-value>
                        <command-parameter-value value="DEFAULT_ENFORCEMENT">
                            <parameter-definition>019b7b6d-193d-4eb8-b7c6-df14471e2bf5</parameter-definition>
                        </command-parameter-value>
                        <command-parameter-value value="FACILITY">
                            <parameter-definition>d883992c-8eb1-4d3c-b5e3-878a3f5573a9</parameter-definition>
                        </command-parameter-value>
                        <command-parameter-value value="">
                            <parameter-definition>b6f83afa-d17d-40b6-81a3-f26e3d32282e</parameter-definition>
                        </command-parameter-value>
                        <command-parameter-value value="LOG_TO_CONSOLE">
                            <parameter-definition>38dab083-f923-47e9-9c99-4aa35f312f6d</parameter-definition>
                        </command-parameter-value>
                        <command-parameter-value value="MAX_CPU_DURATION">
                            <parameter-definition>79142200-1b1f-4375-88e3-bcf42281c3ad</parameter-definition>
                        </command-parameter-value>
                        <command-parameter-value value="MAX_CPU_PERCENT">
                            <parameter-definition>76306272-d1d1-4f91-94ca-ee2bf4bf6ecc</parameter-definition>
                        </command-parameter-value>
                        <command-parameter-value value="DEFAULT_MIN_IOPS">
                            <parameter-definition>afc1ee32-2a4e-4c8c-a320-ab85d5bf00ed</parameter-definition>
                        </command-parameter-value>
                        <command-parameter-value value="PREFER">
                            <parameter-definition>fba9636c-d63c-4dac-9745-c51851d70cb6</parameter-definition>
                        </command-parameter-value>
                        <command-parameter-value value="DEFAULT_SERVICE_LEVEL">
                            <parameter-definition>973e765b-50c7-4601-bcc8-1af681fee8a6</parameter-definition>
                        </command-parameter-value>
                        <command-parameter-value value="DEFAULT_THIN_MIN">
                            <parameter-definition>1cf1d9ba-cdc7-456a-a2b6-e6a0a29dee3d</parameter-definition>
                        </command-parameter-value>
                    </other-parameters>
                    <workflow-command>289f1c65-fa35-4a54-93f7-3addf1e45202</workflow-command>
                </command-detail>
                <command-detail>
                    <command-mapped-objects/>
                    <execution-condition xmlns:xsi="http://www.w3.org/2001/XMLSchema-instance" xsi:type="expressionCondition" expression="$Action == 'Create'"/>
                    <other-parameters>
                        <command-parameter-value value="Add SSL">
                            <parameter-definition>7dbb238b-4ba1-4046-b8d7-ec319a6bb8d5</parameter-definition>
                        </command-parameter-value>
                        <command-parameter-value value="">
                            <parameter-definition>bd55c0fe-6fb3-4b7e-aaec-7dd4028e17e0</parameter-definition>
                        </command-parameter-value>
                        <command-parameter-value value="'E.g. Used for SnapVault, SnapProtect, SnapMirror type of applications'">
                            <parameter-definition>f9b2c962-eb7c-4778-9fe1-550b64426d0f</parameter-definition>
                        </command-parameter-value>
                        <command-parameter-value value="inline">
                            <parameter-definition>6b95655e-6c6f-4fea-8504-e1181501c91e</parameter-definition>
                        </command-parameter-value>
                        <command-parameter-value>
                            <parameter-definition>9096a3cc-1850-445e-b020-1ec508c4c8a9</parameter-definition>
                        </command-parameter-value>
                        <command-parameter-value value="'true'">
                            <parameter-definition>e34fa983-43ba-4390-aa59-b10a48e200ee</parameter-definition>
                        </command-parameter-value>
                        <command-parameter-value>
                            <parameter-definition>524a67c5-e804-464e-ab2a-b63bcfa53fb1</parameter-definition>
                        </command-parameter-value>
                        <command-parameter-value value="'128'">
                            <parameter-definition>e35c98e0-fc95-4caa-b6d7-935acf5f7d2e</parameter-definition>
                        </command-parameter-value>
                        <command-parameter-value value="'75'">
                            <parameter-definition>a23327ec-c423-4b8d-a282-f103752091f4</parameter-definition>
                        </command-parameter-value>
                        <command-parameter-value value="'Thin-Type 2'">
                            <parameter-definition>213b9c79-0ff4-4775-a452-884762a1685d</parameter-definition>
                        </command-parameter-value>
                        <command-parameter-value value="'Capacity'">
                            <parameter-definition>83f65758-1d5e-4620-ac42-cbeb7702eff3</parameter-definition>
                        </command-parameter-value>
                        <command-parameter-value>
                            <parameter-definition>c25816b8-f0be-46a0-8319-6e991c2c907b</parameter-definition>
                        </command-parameter-value>
                        <command-parameter-value>
                            <parameter-definition>a8bcb1d8-3eef-4f1e-8772-eec6efb92e76</parameter-definition>
                        </command-parameter-value>
                        <command-parameter-value>
                            <parameter-definition>48b17f08-2a5a-4587-b024-d092b6e098c4</parameter-definition>
                        </command-parameter-value>
                        <command-parameter-value value="">
                            <parameter-definition>0c7e2853-5fbe-4f09-aca3-3fa867d9230f</parameter-definition>
                        </command-parameter-value>
                        <command-parameter-value value="">
                            <parameter-definition>13ece12e-36a0-40d6-958d-f0de48ecb4fd</parameter-definition>
                        </command-parameter-value>
                        <command-parameter-value value="'25'">
                            <parameter-definition>5dc6a60a-98c8-4237-885b-ceffe5ef6a9d</parameter-definition>
                        </command-parameter-value>
                        <command-parameter-value value="">
                            <parameter-definition>21fd4f01-4c7c-40b7-adb5-54fcd1917247</parameter-definition>
                        </command-parameter-value>
                        <command-parameter-value value="">
                            <parameter-definition>d30ce513-b9ca-4409-b5e2-8ac30fef2fdb</parameter-definition>
                        </command-parameter-value>
                        <command-parameter-value value="">
                            <parameter-definition>a1ac639b-8fd6-4444-8854-07d578aee859</parameter-definition>
                        </command-parameter-value>
                        <command-parameter-value value="false">
                            <parameter-definition>9f43ea0b-0a08-460a-aa4f-9abe88122ed0</parameter-definition>
                        </command-parameter-value>
                        <command-parameter-value value="true">
                            <parameter-definition>2e59f575-8479-4ad5-8bf0-8139c0aa6baf</parameter-definition>
                        </command-parameter-value>
                    </other-parameters>
                    <workflow-command>8915d894-e537-4ecd-a393-5632208f2203</workflow-command>
                </command-detail>
                <command-detail>
                    <command-mapped-objects/>
                    <execution-condition xmlns:xsi="http://www.w3.org/2001/XMLSchema-instance" xsi:type="expressionCondition" expression="$Action == 'Create'"/>
                    <other-parameters>
                        <command-parameter-value value="add">
                            <parameter-definition>529dc22e-3445-443c-8666-4e26c254ab63</parameter-definition>
                        </command-parameter-value>
                        <command-parameter-value>
                            <parameter-definition>fc38170d-a7b3-4c39-8864-dd7044c41e52</parameter-definition>
                        </command-parameter-value>
                        <command-parameter-value>
                            <parameter-definition>a7cecbc5-dce2-4199-ab84-640ad537e67c</parameter-definition>
                        </command-parameter-value>
                        <command-parameter-value>
                            <parameter-definition>77b993bf-6478-436a-93c2-cdd602dca114</parameter-definition>
                        </command-parameter-value>
                        <command-parameter-value>
                            <parameter-definition>ff407d09-5cb3-4ad2-a4ec-0185db7fe184</parameter-definition>
                        </command-parameter-value>
                        <command-parameter-value>
                            <parameter-definition>a4d5a8c3-a8d1-4475-be27-053d9d0cdd6a</parameter-definition>
                        </command-parameter-value>
                        <command-parameter-value>
                            <parameter-definition>53332105-4ef8-47cb-a1e8-c84dbd8b8ec7</parameter-definition>
                        </command-parameter-value>
                        <command-parameter-value>
                            <parameter-definition>a02c5854-df1d-4f20-9a54-4abe5c77b52b</parameter-definition>
                        </command-parameter-value>
                        <command-parameter-value value="'128'">
                            <parameter-definition>288c154e-721f-4b53-8af4-d988040e7042</parameter-definition>
                        </command-parameter-value>
                        <command-parameter-value value="'75'">
                            <parameter-definition>d0a822b9-da45-4d8b-86fb-2ac289303a54</parameter-definition>
                        </command-parameter-value>
                        <command-parameter-value value="'Capacity'">
                            <parameter-definition>c3d514c2-c955-466a-a268-5da4f10e06c2</parameter-definition>
                        </command-parameter-value>
                        <command-parameter-value value="'25'">
                            <parameter-definition>0a50a1df-fb15-4bc2-a98a-d9040d45ee75</parameter-definition>
                        </command-parameter-value>
                        <command-parameter-value>
                            <parameter-definition>e17f9ac9-75fd-4924-a08f-46308e590e9b</parameter-definition>
                        </command-parameter-value>
                        <command-parameter-value>
                            <parameter-definition>d8bc7394-a1b8-41a5-97a3-3fee095ba2c8</parameter-definition>
                        </command-parameter-value>
                        <command-parameter-value value="">
                            <parameter-definition>c54517f1-364f-475e-be19-9966a0b8f586</parameter-definition>
                        </command-parameter-value>
                        <command-parameter-value value="">
                            <parameter-definition>0ab7e371-e009-4a8f-935d-c676d155de94</parameter-definition>
                        </command-parameter-value>
                        <command-parameter-value value="true">
                            <parameter-definition>824ce783-27d6-4033-80ec-9bc6aaa57c18</parameter-definition>
                        </command-parameter-value>
                    </other-parameters>
                    <workflow-command>4736fd36-897c-42e5-b278-c32a6231ddcc</workflow-command>
                </command-detail>
            </command-details>
            <execution-condition xmlns:xsi="http://www.w3.org/2001/XMLSchema-instance" xsi:type="alwaysCondition"/>
            <row-loop-info iteratorName="Index2" numberOfIterationsExpression="$Action != &quot;Update&quot;?1:0">
                <loop-variables/>
            </row-loop-info>
        </row>
        <row>
            <command-details>
                <command-detail>
                    <command-mapped-objects/>
                    <execution-condition xmlns:xsi="http://www.w3.org/2001/XMLSchema-instance" xsi:type="expressionCondition" expression="$Action == 'Create'"/>
                    <other-parameters>
                        <command-parameter-value value="Add SSL">
                            <parameter-definition>7dbb238b-4ba1-4046-b8d7-ec319a6bb8d5</parameter-definition>
                        </command-parameter-value>
                        <command-parameter-value>
                            <parameter-definition>bd55c0fe-6fb3-4b7e-aaec-7dd4028e17e0</parameter-definition>
                        </command-parameter-value>
                        <command-parameter-value value="'E.g. Used for Exchange, Sharepoint type applications'">
                            <parameter-definition>f9b2c962-eb7c-4778-9fe1-550b64426d0f</parameter-definition>
                        </command-parameter-value>
                        <command-parameter-value value="inline">
                            <parameter-definition>6b95655e-6c6f-4fea-8504-e1181501c91e</parameter-definition>
                        </command-parameter-value>
                        <command-parameter-value>
                            <parameter-definition>9096a3cc-1850-445e-b020-1ec508c4c8a9</parameter-definition>
                        </command-parameter-value>
                        <command-parameter-value value="'true'">
                            <parameter-definition>e34fa983-43ba-4390-aa59-b10a48e200ee</parameter-definition>
                        </command-parameter-value>
                        <command-parameter-value>
                            <parameter-definition>524a67c5-e804-464e-ab2a-b63bcfa53fb1</parameter-definition>
                        </command-parameter-value>
                        <command-parameter-value value="'512'">
                            <parameter-definition>e35c98e0-fc95-4caa-b6d7-935acf5f7d2e</parameter-definition>
                        </command-parameter-value>
                        <command-parameter-value value="'75'">
                            <parameter-definition>a23327ec-c423-4b8d-a282-f103752091f4</parameter-definition>
                        </command-parameter-value>
                        <command-parameter-value value="'Thin-Type 2'">
                            <parameter-definition>213b9c79-0ff4-4775-a452-884762a1685d</parameter-definition>
                        </command-parameter-value>
                        <command-parameter-value value="'Value'">
                            <parameter-definition>83f65758-1d5e-4620-ac42-cbeb7702eff3</parameter-definition>
                        </command-parameter-value>
                        <command-parameter-value>
                            <parameter-definition>c25816b8-f0be-46a0-8319-6e991c2c907b</parameter-definition>
                        </command-parameter-value>
                        <command-parameter-value>
                            <parameter-definition>a8bcb1d8-3eef-4f1e-8772-eec6efb92e76</parameter-definition>
                        </command-parameter-value>
                        <command-parameter-value>
                            <parameter-definition>48b17f08-2a5a-4587-b024-d092b6e098c4</parameter-definition>
                        </command-parameter-value>
                        <command-parameter-value value="">
                            <parameter-definition>0c7e2853-5fbe-4f09-aca3-3fa867d9230f</parameter-definition>
                        </command-parameter-value>
                        <command-parameter-value value="">
                            <parameter-definition>13ece12e-36a0-40d6-958d-f0de48ecb4fd</parameter-definition>
                        </command-parameter-value>
                        <command-parameter-value value="'25'">
                            <parameter-definition>5dc6a60a-98c8-4237-885b-ceffe5ef6a9d</parameter-definition>
                        </command-parameter-value>
                        <command-parameter-value value="">
                            <parameter-definition>21fd4f01-4c7c-40b7-adb5-54fcd1917247</parameter-definition>
                        </command-parameter-value>
                        <command-parameter-value value="">
                            <parameter-definition>d30ce513-b9ca-4409-b5e2-8ac30fef2fdb</parameter-definition>
                        </command-parameter-value>
                        <command-parameter-value value="">
                            <parameter-definition>a1ac639b-8fd6-4444-8854-07d578aee859</parameter-definition>
                        </command-parameter-value>
                        <command-parameter-value value="false">
                            <parameter-definition>9f43ea0b-0a08-460a-aa4f-9abe88122ed0</parameter-definition>
                        </command-parameter-value>
                        <command-parameter-value value="true">
                            <parameter-definition>2e59f575-8479-4ad5-8bf0-8139c0aa6baf</parameter-definition>
                        </command-parameter-value>
                    </other-parameters>
                    <workflow-command>8915d894-e537-4ecd-a393-5632208f2203</workflow-command>
                </command-detail>
                <command-detail>
                    <command-mapped-objects/>
                    <execution-condition xmlns:xsi="http://www.w3.org/2001/XMLSchema-instance" xsi:type="expressionCondition" expression="$Action == 'Create'"/>
                    <other-parameters>
                        <command-parameter-value value="add">
                            <parameter-definition>529dc22e-3445-443c-8666-4e26c254ab63</parameter-definition>
                        </command-parameter-value>
                        <command-parameter-value>
                            <parameter-definition>fc38170d-a7b3-4c39-8864-dd7044c41e52</parameter-definition>
                        </command-parameter-value>
                        <command-parameter-value>
                            <parameter-definition>a7cecbc5-dce2-4199-ab84-640ad537e67c</parameter-definition>
                        </command-parameter-value>
                        <command-parameter-value>
                            <parameter-definition>77b993bf-6478-436a-93c2-cdd602dca114</parameter-definition>
                        </command-parameter-value>
                        <command-parameter-value>
                            <parameter-definition>ff407d09-5cb3-4ad2-a4ec-0185db7fe184</parameter-definition>
                        </command-parameter-value>
                        <command-parameter-value>
                            <parameter-definition>a4d5a8c3-a8d1-4475-be27-053d9d0cdd6a</parameter-definition>
                        </command-parameter-value>
                        <command-parameter-value>
                            <parameter-definition>53332105-4ef8-47cb-a1e8-c84dbd8b8ec7</parameter-definition>
                        </command-parameter-value>
                        <command-parameter-value>
                            <parameter-definition>a02c5854-df1d-4f20-9a54-4abe5c77b52b</parameter-definition>
                        </command-parameter-value>
                        <command-parameter-value value="'512'">
                            <parameter-definition>288c154e-721f-4b53-8af4-d988040e7042</parameter-definition>
                        </command-parameter-value>
                        <command-parameter-value value="'75'">
                            <parameter-definition>d0a822b9-da45-4d8b-86fb-2ac289303a54</parameter-definition>
                        </command-parameter-value>
                        <command-parameter-value value="'Value'">
                            <parameter-definition>c3d514c2-c955-466a-a268-5da4f10e06c2</parameter-definition>
                        </command-parameter-value>
                        <command-parameter-value value="'25'">
                            <parameter-definition>0a50a1df-fb15-4bc2-a98a-d9040d45ee75</parameter-definition>
                        </command-parameter-value>
                        <command-parameter-value>
                            <parameter-definition>e17f9ac9-75fd-4924-a08f-46308e590e9b</parameter-definition>
                        </command-parameter-value>
                        <command-parameter-value>
                            <parameter-definition>d8bc7394-a1b8-41a5-97a3-3fee095ba2c8</parameter-definition>
                        </command-parameter-value>
                        <command-parameter-value value="">
                            <parameter-definition>c54517f1-364f-475e-be19-9966a0b8f586</parameter-definition>
                        </command-parameter-value>
                        <command-parameter-value value="">
                            <parameter-definition>0ab7e371-e009-4a8f-935d-c676d155de94</parameter-definition>
                        </command-parameter-value>
                        <command-parameter-value value="true">
                            <parameter-definition>824ce783-27d6-4033-80ec-9bc6aaa57c18</parameter-definition>
                        </command-parameter-value>
                    </other-parameters>
                    <workflow-command>4736fd36-897c-42e5-b278-c32a6231ddcc</workflow-command>
                </command-detail>
            </command-details>
            <execution-condition xmlns:xsi="http://www.w3.org/2001/XMLSchema-instance" xsi:type="alwaysCondition"/>
            <row-loop-info iteratorName="Index3" numberOfIterationsExpression="$Action != &quot;Update&quot;?1:0">
                <loop-variables/>
            </row-loop-info>
        </row>
        <row>
            <command-details>
                <command-detail>
                    <command-mapped-objects/>
                    <execution-condition xmlns:xsi="http://www.w3.org/2001/XMLSchema-instance" xsi:type="expressionCondition" expression="$Action == 'Create'"/>
                    <other-parameters>
                        <command-parameter-value value="Add SSL">
                            <parameter-definition>7dbb238b-4ba1-4046-b8d7-ec319a6bb8d5</parameter-definition>
                        </command-parameter-value>
                        <command-parameter-value>
                            <parameter-definition>bd55c0fe-6fb3-4b7e-aaec-7dd4028e17e0</parameter-definition>
                        </command-parameter-value>
                        <command-parameter-value value="'E.g. Used for Oracle, SAP, SQL, Citrix, Desktone, VMWare type of applications'">
                            <parameter-definition>f9b2c962-eb7c-4778-9fe1-550b64426d0f</parameter-definition>
                        </command-parameter-value>
                        <command-parameter-value value="inline">
                            <parameter-definition>6b95655e-6c6f-4fea-8504-e1181501c91e</parameter-definition>
                        </command-parameter-value>
                        <command-parameter-value>
                            <parameter-definition>9096a3cc-1850-445e-b020-1ec508c4c8a9</parameter-definition>
                        </command-parameter-value>
                        <command-parameter-value value="'true'">
                            <parameter-definition>e34fa983-43ba-4390-aa59-b10a48e200ee</parameter-definition>
                        </command-parameter-value>
                        <command-parameter-value>
                            <parameter-definition>524a67c5-e804-464e-ab2a-b63bcfa53fb1</parameter-definition>
                        </command-parameter-value>
                        <command-parameter-value value="'2048'">
                            <parameter-definition>e35c98e0-fc95-4caa-b6d7-935acf5f7d2e</parameter-definition>
                        </command-parameter-value>
                        <command-parameter-value value="'140'">
                            <parameter-definition>a23327ec-c423-4b8d-a282-f103752091f4</parameter-definition>
                        </command-parameter-value>
                        <command-parameter-value value="'Thin-Type 2'">
                            <parameter-definition>213b9c79-0ff4-4775-a452-884762a1685d</parameter-definition>
                        </command-parameter-value>
                        <command-parameter-value value="'Performance'">
                            <parameter-definition>83f65758-1d5e-4620-ac42-cbeb7702eff3</parameter-definition>
                        </command-parameter-value>
                        <command-parameter-value>
                            <parameter-definition>c25816b8-f0be-46a0-8319-6e991c2c907b</parameter-definition>
                        </command-parameter-value>
                        <command-parameter-value>
                            <parameter-definition>a8bcb1d8-3eef-4f1e-8772-eec6efb92e76</parameter-definition>
                        </command-parameter-value>
                        <command-parameter-value>
                            <parameter-definition>48b17f08-2a5a-4587-b024-d092b6e098c4</parameter-definition>
                        </command-parameter-value>
                        <command-parameter-value value="">
                            <parameter-definition>0c7e2853-5fbe-4f09-aca3-3fa867d9230f</parameter-definition>
                        </command-parameter-value>
                        <command-parameter-value value="">
                            <parameter-definition>13ece12e-36a0-40d6-958d-f0de48ecb4fd</parameter-definition>
                        </command-parameter-value>
                        <command-parameter-value value="'50'">
                            <parameter-definition>5dc6a60a-98c8-4237-885b-ceffe5ef6a9d</parameter-definition>
                        </command-parameter-value>
                        <command-parameter-value value="">
                            <parameter-definition>21fd4f01-4c7c-40b7-adb5-54fcd1917247</parameter-definition>
                        </command-parameter-value>
                        <command-parameter-value value="">
                            <parameter-definition>d30ce513-b9ca-4409-b5e2-8ac30fef2fdb</parameter-definition>
                        </command-parameter-value>
                        <command-parameter-value value="">
                            <parameter-definition>a1ac639b-8fd6-4444-8854-07d578aee859</parameter-definition>
                        </command-parameter-value>
                        <command-parameter-value value="false">
                            <parameter-definition>9f43ea0b-0a08-460a-aa4f-9abe88122ed0</parameter-definition>
                        </command-parameter-value>
                        <command-parameter-value value="true">
                            <parameter-definition>2e59f575-8479-4ad5-8bf0-8139c0aa6baf</parameter-definition>
                        </command-parameter-value>
                    </other-parameters>
                    <workflow-command>8915d894-e537-4ecd-a393-5632208f2203</workflow-command>
                </command-detail>
                <command-detail>
                    <command-mapped-objects/>
                    <execution-condition xmlns:xsi="http://www.w3.org/2001/XMLSchema-instance" xsi:type="expressionCondition" expression="$Action == 'Create'"/>
                    <other-parameters>
                        <command-parameter-value value="add">
                            <parameter-definition>529dc22e-3445-443c-8666-4e26c254ab63</parameter-definition>
                        </command-parameter-value>
                        <command-parameter-value>
                            <parameter-definition>fc38170d-a7b3-4c39-8864-dd7044c41e52</parameter-definition>
                        </command-parameter-value>
                        <command-parameter-value>
                            <parameter-definition>a7cecbc5-dce2-4199-ab84-640ad537e67c</parameter-definition>
                        </command-parameter-value>
                        <command-parameter-value>
                            <parameter-definition>77b993bf-6478-436a-93c2-cdd602dca114</parameter-definition>
                        </command-parameter-value>
                        <command-parameter-value>
                            <parameter-definition>ff407d09-5cb3-4ad2-a4ec-0185db7fe184</parameter-definition>
                        </command-parameter-value>
                        <command-parameter-value>
                            <parameter-definition>a4d5a8c3-a8d1-4475-be27-053d9d0cdd6a</parameter-definition>
                        </command-parameter-value>
                        <command-parameter-value>
                            <parameter-definition>53332105-4ef8-47cb-a1e8-c84dbd8b8ec7</parameter-definition>
                        </command-parameter-value>
                        <command-parameter-value>
                            <parameter-definition>a02c5854-df1d-4f20-9a54-4abe5c77b52b</parameter-definition>
                        </command-parameter-value>
                        <command-parameter-value value="'2048'">
                            <parameter-definition>288c154e-721f-4b53-8af4-d988040e7042</parameter-definition>
                        </command-parameter-value>
                        <command-parameter-value value="'140'">
                            <parameter-definition>d0a822b9-da45-4d8b-86fb-2ac289303a54</parameter-definition>
                        </command-parameter-value>
                        <command-parameter-value value="'Performance'">
                            <parameter-definition>c3d514c2-c955-466a-a268-5da4f10e06c2</parameter-definition>
                        </command-parameter-value>
                        <command-parameter-value value="'50'">
                            <parameter-definition>0a50a1df-fb15-4bc2-a98a-d9040d45ee75</parameter-definition>
                        </command-parameter-value>
                        <command-parameter-value>
                            <parameter-definition>e17f9ac9-75fd-4924-a08f-46308e590e9b</parameter-definition>
                        </command-parameter-value>
                        <command-parameter-value>
                            <parameter-definition>d8bc7394-a1b8-41a5-97a3-3fee095ba2c8</parameter-definition>
                        </command-parameter-value>
                        <command-parameter-value value="">
                            <parameter-definition>c54517f1-364f-475e-be19-9966a0b8f586</parameter-definition>
                        </command-parameter-value>
                        <command-parameter-value value="">
                            <parameter-definition>0ab7e371-e009-4a8f-935d-c676d155de94</parameter-definition>
                        </command-parameter-value>
                        <command-parameter-value value="true">
                            <parameter-definition>824ce783-27d6-4033-80ec-9bc6aaa57c18</parameter-definition>
                        </command-parameter-value>
                    </other-parameters>
                    <workflow-command>4736fd36-897c-42e5-b278-c32a6231ddcc</workflow-command>
                </command-detail>
            </command-details>
            <execution-condition xmlns:xsi="http://www.w3.org/2001/XMLSchema-instance" xsi:type="alwaysCondition"/>
            <row-loop-info iteratorName="Index4" numberOfIterationsExpression="$Action != &quot;Update&quot;?1:0">
                <loop-variables/>
            </row-loop-info>
        </row>
        <row>
            <command-details>
                <command-detail>
                    <command-mapped-objects/>
                    <execution-condition xmlns:xsi="http://www.w3.org/2001/XMLSchema-instance" xsi:type="expressionCondition" expression="$Action == 'Create'"/>
                    <other-parameters>
                        <command-parameter-value value="Add SSL">
                            <parameter-definition>7dbb238b-4ba1-4046-b8d7-ec319a6bb8d5</parameter-definition>
                        </command-parameter-value>
                        <command-parameter-value>
                            <parameter-definition>bd55c0fe-6fb3-4b7e-aaec-7dd4028e17e0</parameter-definition>
                        </command-parameter-value>
                        <command-parameter-value value="'E.g. Used for OLAP type of applications'">
                            <parameter-definition>f9b2c962-eb7c-4778-9fe1-550b64426d0f</parameter-definition>
                        </command-parameter-value>
                        <command-parameter-value value="inline">
                            <parameter-definition>6b95655e-6c6f-4fea-8504-e1181501c91e</parameter-definition>
                        </command-parameter-value>
                        <command-parameter-value>
                            <parameter-definition>9096a3cc-1850-445e-b020-1ec508c4c8a9</parameter-definition>
                        </command-parameter-value>
                        <command-parameter-value value="'true'">
                            <parameter-definition>e34fa983-43ba-4390-aa59-b10a48e200ee</parameter-definition>
                        </command-parameter-value>
                        <command-parameter-value>
                            <parameter-definition>524a67c5-e804-464e-ab2a-b63bcfa53fb1</parameter-definition>
                        </command-parameter-value>
                        <command-parameter-value value="'4096'">
                            <parameter-definition>e35c98e0-fc95-4caa-b6d7-935acf5f7d2e</parameter-definition>
                        </command-parameter-value>
                        <command-parameter-value value="'140'">
                            <parameter-definition>a23327ec-c423-4b8d-a282-f103752091f4</parameter-definition>
                        </command-parameter-value>
                        <command-parameter-value value="'Thin-Type 2'">
                            <parameter-definition>213b9c79-0ff4-4775-a452-884762a1685d</parameter-definition>
                        </command-parameter-value>
                        <command-parameter-value value="'High_Read'">
                            <parameter-definition>83f65758-1d5e-4620-ac42-cbeb7702eff3</parameter-definition>
                        </command-parameter-value>
                        <command-parameter-value>
                            <parameter-definition>c25816b8-f0be-46a0-8319-6e991c2c907b</parameter-definition>
                        </command-parameter-value>
                        <command-parameter-value>
                            <parameter-definition>a8bcb1d8-3eef-4f1e-8772-eec6efb92e76</parameter-definition>
                        </command-parameter-value>
                        <command-parameter-value>
                            <parameter-definition>48b17f08-2a5a-4587-b024-d092b6e098c4</parameter-definition>
                        </command-parameter-value>
                        <command-parameter-value value="">
                            <parameter-definition>0c7e2853-5fbe-4f09-aca3-3fa867d9230f</parameter-definition>
                        </command-parameter-value>
                        <command-parameter-value value="">
                            <parameter-definition>13ece12e-36a0-40d6-958d-f0de48ecb4fd</parameter-definition>
                        </command-parameter-value>
                        <command-parameter-value value="'50'">
                            <parameter-definition>5dc6a60a-98c8-4237-885b-ceffe5ef6a9d</parameter-definition>
                        </command-parameter-value>
                        <command-parameter-value value="">
                            <parameter-definition>21fd4f01-4c7c-40b7-adb5-54fcd1917247</parameter-definition>
                        </command-parameter-value>
                        <command-parameter-value value="">
                            <parameter-definition>d30ce513-b9ca-4409-b5e2-8ac30fef2fdb</parameter-definition>
                        </command-parameter-value>
                        <command-parameter-value value="">
                            <parameter-definition>a1ac639b-8fd6-4444-8854-07d578aee859</parameter-definition>
                        </command-parameter-value>
                        <command-parameter-value value="false">
                            <parameter-definition>9f43ea0b-0a08-460a-aa4f-9abe88122ed0</parameter-definition>
                        </command-parameter-value>
                        <command-parameter-value value="true">
                            <parameter-definition>2e59f575-8479-4ad5-8bf0-8139c0aa6baf</parameter-definition>
                        </command-parameter-value>
                    </other-parameters>
                    <workflow-command>8915d894-e537-4ecd-a393-5632208f2203</workflow-command>
                </command-detail>
                <command-detail>
                    <command-mapped-objects/>
                    <execution-condition xmlns:xsi="http://www.w3.org/2001/XMLSchema-instance" xsi:type="expressionCondition" expression="$Action == 'Create'"/>
                    <other-parameters>
                        <command-parameter-value value="add">
                            <parameter-definition>529dc22e-3445-443c-8666-4e26c254ab63</parameter-definition>
                        </command-parameter-value>
                        <command-parameter-value>
                            <parameter-definition>fc38170d-a7b3-4c39-8864-dd7044c41e52</parameter-definition>
                        </command-parameter-value>
                        <command-parameter-value>
                            <parameter-definition>a7cecbc5-dce2-4199-ab84-640ad537e67c</parameter-definition>
                        </command-parameter-value>
                        <command-parameter-value>
                            <parameter-definition>77b993bf-6478-436a-93c2-cdd602dca114</parameter-definition>
                        </command-parameter-value>
                        <command-parameter-value>
                            <parameter-definition>ff407d09-5cb3-4ad2-a4ec-0185db7fe184</parameter-definition>
                        </command-parameter-value>
                        <command-parameter-value>
                            <parameter-definition>a4d5a8c3-a8d1-4475-be27-053d9d0cdd6a</parameter-definition>
                        </command-parameter-value>
                        <command-parameter-value>
                            <parameter-definition>53332105-4ef8-47cb-a1e8-c84dbd8b8ec7</parameter-definition>
                        </command-parameter-value>
                        <command-parameter-value>
                            <parameter-definition>a02c5854-df1d-4f20-9a54-4abe5c77b52b</parameter-definition>
                        </command-parameter-value>
                        <command-parameter-value value="'4096'">
                            <parameter-definition>288c154e-721f-4b53-8af4-d988040e7042</parameter-definition>
                        </command-parameter-value>
                        <command-parameter-value value="'140'">
                            <parameter-definition>d0a822b9-da45-4d8b-86fb-2ac289303a54</parameter-definition>
                        </command-parameter-value>
                        <command-parameter-value value="'High_Read'">
                            <parameter-definition>c3d514c2-c955-466a-a268-5da4f10e06c2</parameter-definition>
                        </command-parameter-value>
                        <command-parameter-value value="'50'">
                            <parameter-definition>0a50a1df-fb15-4bc2-a98a-d9040d45ee75</parameter-definition>
                        </command-parameter-value>
                        <command-parameter-value>
                            <parameter-definition>e17f9ac9-75fd-4924-a08f-46308e590e9b</parameter-definition>
                        </command-parameter-value>
                        <command-parameter-value>
                            <parameter-definition>d8bc7394-a1b8-41a5-97a3-3fee095ba2c8</parameter-definition>
                        </command-parameter-value>
                        <command-parameter-value value="">
                            <parameter-definition>c54517f1-364f-475e-be19-9966a0b8f586</parameter-definition>
                        </command-parameter-value>
                        <command-parameter-value value="">
                            <parameter-definition>0ab7e371-e009-4a8f-935d-c676d155de94</parameter-definition>
                        </command-parameter-value>
                        <command-parameter-value value="true">
                            <parameter-definition>824ce783-27d6-4033-80ec-9bc6aaa57c18</parameter-definition>
                        </command-parameter-value>
                    </other-parameters>
                    <workflow-command>4736fd36-897c-42e5-b278-c32a6231ddcc</workflow-command>
                </command-detail>
            </command-details>
            <execution-condition xmlns:xsi="http://www.w3.org/2001/XMLSchema-instance" xsi:type="alwaysCondition"/>
            <row-loop-info iteratorName="Index5" numberOfIterationsExpression="$Action != &quot;Update&quot;?1:0">
                <loop-variables/>
            </row-loop-info>
        </row>
        <row>
            <command-details>
                <command-detail>
                    <command-mapped-objects/>
                    <description></description>
                    <execution-condition xmlns:xsi="http://www.w3.org/2001/XMLSchema-instance" xsi:type="expressionCondition" expression="$Action == 'Create'"/>
                    <other-parameters>
                        <command-parameter-value value="Add SSL">
                            <parameter-definition>7dbb238b-4ba1-4046-b8d7-ec319a6bb8d5</parameter-definition>
                        </command-parameter-value>
                        <command-parameter-value>
                            <parameter-definition>bd55c0fe-6fb3-4b7e-aaec-7dd4028e17e0</parameter-definition>
                        </command-parameter-value>
                        <command-parameter-value value="'E.g. Used for OLDB (Oracle, SAP) type of applications'">
                            <parameter-definition>f9b2c962-eb7c-4778-9fe1-550b64426d0f</parameter-definition>
                        </command-parameter-value>
                        <command-parameter-value value="inline">
                            <parameter-definition>6b95655e-6c6f-4fea-8504-e1181501c91e</parameter-definition>
                        </command-parameter-value>
                        <command-parameter-value>
                            <parameter-definition>9096a3cc-1850-445e-b020-1ec508c4c8a9</parameter-definition>
                        </command-parameter-value>
                        <command-parameter-value value="'true'">
                            <parameter-definition>e34fa983-43ba-4390-aa59-b10a48e200ee</parameter-definition>
                        </command-parameter-value>
                        <command-parameter-value>
                            <parameter-definition>524a67c5-e804-464e-ab2a-b63bcfa53fb1</parameter-definition>
                        </command-parameter-value>
                        <command-parameter-value value="'8192'">
                            <parameter-definition>e35c98e0-fc95-4caa-b6d7-935acf5f7d2e</parameter-definition>
                        </command-parameter-value>
                        <command-parameter-value value="'4272'">
                            <parameter-definition>a23327ec-c423-4b8d-a282-f103752091f4</parameter-definition>
                        </command-parameter-value>
                        <command-parameter-value value="'Thin-Type 2'">
                            <parameter-definition>213b9c79-0ff4-4775-a452-884762a1685d</parameter-definition>
                        </command-parameter-value>
                        <command-parameter-value value="'High_Write'">
                            <parameter-definition>83f65758-1d5e-4620-ac42-cbeb7702eff3</parameter-definition>
                        </command-parameter-value>
                        <command-parameter-value>
                            <parameter-definition>c25816b8-f0be-46a0-8319-6e991c2c907b</parameter-definition>
                        </command-parameter-value>
                        <command-parameter-value>
                            <parameter-definition>a8bcb1d8-3eef-4f1e-8772-eec6efb92e76</parameter-definition>
                        </command-parameter-value>
                        <command-parameter-value>
                            <parameter-definition>48b17f08-2a5a-4587-b024-d092b6e098c4</parameter-definition>
                        </command-parameter-value>
                        <command-parameter-value value="">
                            <parameter-definition>0c7e2853-5fbe-4f09-aca3-3fa867d9230f</parameter-definition>
                        </command-parameter-value>
                        <command-parameter-value value="">
                            <parameter-definition>13ece12e-36a0-40d6-958d-f0de48ecb4fd</parameter-definition>
                        </command-parameter-value>
                        <command-parameter-value value="'50'">
                            <parameter-definition>5dc6a60a-98c8-4237-885b-ceffe5ef6a9d</parameter-definition>
                        </command-parameter-value>
                        <command-parameter-value value="">
                            <parameter-definition>21fd4f01-4c7c-40b7-adb5-54fcd1917247</parameter-definition>
                        </command-parameter-value>
                        <command-parameter-value value="">
                            <parameter-definition>d30ce513-b9ca-4409-b5e2-8ac30fef2fdb</parameter-definition>
                        </command-parameter-value>
                        <command-parameter-value value="">
                            <parameter-definition>a1ac639b-8fd6-4444-8854-07d578aee859</parameter-definition>
                        </command-parameter-value>
                        <command-parameter-value value="false">
                            <parameter-definition>9f43ea0b-0a08-460a-aa4f-9abe88122ed0</parameter-definition>
                        </command-parameter-value>
                        <command-parameter-value value="true">
                            <parameter-definition>2e59f575-8479-4ad5-8bf0-8139c0aa6baf</parameter-definition>
                        </command-parameter-value>
                    </other-parameters>
                    <workflow-command>8915d894-e537-4ecd-a393-5632208f2203</workflow-command>
                </command-detail>
                <command-detail>
                    <command-mapped-objects/>
                    <execution-condition xmlns:xsi="http://www.w3.org/2001/XMLSchema-instance" xsi:type="expressionCondition" expression="$Action == 'Create'"/>
                    <other-parameters>
                        <command-parameter-value value="add">
                            <parameter-definition>529dc22e-3445-443c-8666-4e26c254ab63</parameter-definition>
                        </command-parameter-value>
                        <command-parameter-value>
                            <parameter-definition>fc38170d-a7b3-4c39-8864-dd7044c41e52</parameter-definition>
                        </command-parameter-value>
                        <command-parameter-value>
                            <parameter-definition>a7cecbc5-dce2-4199-ab84-640ad537e67c</parameter-definition>
                        </command-parameter-value>
                        <command-parameter-value>
                            <parameter-definition>77b993bf-6478-436a-93c2-cdd602dca114</parameter-definition>
                        </command-parameter-value>
                        <command-parameter-value>
                            <parameter-definition>ff407d09-5cb3-4ad2-a4ec-0185db7fe184</parameter-definition>
                        </command-parameter-value>
                        <command-parameter-value>
                            <parameter-definition>a4d5a8c3-a8d1-4475-be27-053d9d0cdd6a</parameter-definition>
                        </command-parameter-value>
                        <command-parameter-value>
                            <parameter-definition>53332105-4ef8-47cb-a1e8-c84dbd8b8ec7</parameter-definition>
                        </command-parameter-value>
                        <command-parameter-value>
                            <parameter-definition>a02c5854-df1d-4f20-9a54-4abe5c77b52b</parameter-definition>
                        </command-parameter-value>
                        <command-parameter-value value="'8192'">
                            <parameter-definition>288c154e-721f-4b53-8af4-d988040e7042</parameter-definition>
                        </command-parameter-value>
                        <command-parameter-value value="'4272'">
                            <parameter-definition>d0a822b9-da45-4d8b-86fb-2ac289303a54</parameter-definition>
                        </command-parameter-value>
                        <command-parameter-value value="'High_Write'">
                            <parameter-definition>c3d514c2-c955-466a-a268-5da4f10e06c2</parameter-definition>
                        </command-parameter-value>
                        <command-parameter-value value="'50'">
                            <parameter-definition>0a50a1df-fb15-4bc2-a98a-d9040d45ee75</parameter-definition>
                        </command-parameter-value>
                        <command-parameter-value>
                            <parameter-definition>e17f9ac9-75fd-4924-a08f-46308e590e9b</parameter-definition>
                        </command-parameter-value>
                        <command-parameter-value>
                            <parameter-definition>d8bc7394-a1b8-41a5-97a3-3fee095ba2c8</parameter-definition>
                        </command-parameter-value>
                        <command-parameter-value value="">
                            <parameter-definition>c54517f1-364f-475e-be19-9966a0b8f586</parameter-definition>
                        </command-parameter-value>
                        <command-parameter-value value="">
                            <parameter-definition>0ab7e371-e009-4a8f-935d-c676d155de94</parameter-definition>
                        </command-parameter-value>
                        <command-parameter-value value="true">
                            <parameter-definition>824ce783-27d6-4033-80ec-9bc6aaa57c18</parameter-definition>
                        </command-parameter-value>
                    </other-parameters>
                    <workflow-command>4736fd36-897c-42e5-b278-c32a6231ddcc</workflow-command>
                </command-detail>
            </command-details>
            <execution-condition xmlns:xsi="http://www.w3.org/2001/XMLSchema-instance" xsi:type="alwaysCondition"/>
            <row-loop-info iteratorName="Index6" numberOfIterationsExpression="$Action != &quot;Update&quot;?1:0">
                <loop-variables/>
            </row-loop-info>
        </row>
        <row>
            <command-details>
                <command-detail>
                    <command-mapped-objects/>
                    <execution-condition xmlns:xsi="http://www.w3.org/2001/XMLSchema-instance" xsi:type="expressionCondition" expression="$Action == 'Create'"/>
                    <other-parameters>
                        <command-parameter-value value="Add SSL">
                            <parameter-definition>7dbb238b-4ba1-4046-b8d7-ec319a6bb8d5</parameter-definition>
                        </command-parameter-value>
                        <command-parameter-value>
                            <parameter-definition>bd55c0fe-6fb3-4b7e-aaec-7dd4028e17e0</parameter-definition>
                        </command-parameter-value>
                        <command-parameter-value value="'E.g. Used for HANA type of applications'">
                            <parameter-definition>f9b2c962-eb7c-4778-9fe1-550b64426d0f</parameter-definition>
                        </command-parameter-value>
                        <command-parameter-value value="inline">
                            <parameter-definition>6b95655e-6c6f-4fea-8504-e1181501c91e</parameter-definition>
                        </command-parameter-value>
                        <command-parameter-value>
                            <parameter-definition>9096a3cc-1850-445e-b020-1ec508c4c8a9</parameter-definition>
                        </command-parameter-value>
                        <command-parameter-value value="'true'">
                            <parameter-definition>e34fa983-43ba-4390-aa59-b10a48e200ee</parameter-definition>
                        </command-parameter-value>
                        <command-parameter-value>
                            <parameter-definition>524a67c5-e804-464e-ab2a-b63bcfa53fb1</parameter-definition>
                        </command-parameter-value>
                        <command-parameter-value value="'12288'">
                            <parameter-definition>e35c98e0-fc95-4caa-b6d7-935acf5f7d2e</parameter-definition>
                        </command-parameter-value>
                        <command-parameter-value value="'4272'">
                            <parameter-definition>a23327ec-c423-4b8d-a282-f103752091f4</parameter-definition>
                        </command-parameter-value>
                        <command-parameter-value value="'Thin-Type 2'">
                            <parameter-definition>213b9c79-0ff4-4775-a452-884762a1685d</parameter-definition>
                        </command-parameter-value>
                        <command-parameter-value value="'Extreme'">
                            <parameter-definition>83f65758-1d5e-4620-ac42-cbeb7702eff3</parameter-definition>
                        </command-parameter-value>
                        <command-parameter-value>
                            <parameter-definition>c25816b8-f0be-46a0-8319-6e991c2c907b</parameter-definition>
                        </command-parameter-value>
                        <command-parameter-value>
                            <parameter-definition>a8bcb1d8-3eef-4f1e-8772-eec6efb92e76</parameter-definition>
                        </command-parameter-value>
                        <command-parameter-value>
                            <parameter-definition>48b17f08-2a5a-4587-b024-d092b6e098c4</parameter-definition>
                        </command-parameter-value>
                        <command-parameter-value value="">
                            <parameter-definition>0c7e2853-5fbe-4f09-aca3-3fa867d9230f</parameter-definition>
                        </command-parameter-value>
                        <command-parameter-value value="">
                            <parameter-definition>13ece12e-36a0-40d6-958d-f0de48ecb4fd</parameter-definition>
                        </command-parameter-value>
                        <command-parameter-value value="'50'">
                            <parameter-definition>5dc6a60a-98c8-4237-885b-ceffe5ef6a9d</parameter-definition>
                        </command-parameter-value>
                        <command-parameter-value value="">
                            <parameter-definition>21fd4f01-4c7c-40b7-adb5-54fcd1917247</parameter-definition>
                        </command-parameter-value>
                        <command-parameter-value value="">
                            <parameter-definition>d30ce513-b9ca-4409-b5e2-8ac30fef2fdb</parameter-definition>
                        </command-parameter-value>
                        <command-parameter-value value="">
                            <parameter-definition>a1ac639b-8fd6-4444-8854-07d578aee859</parameter-definition>
                        </command-parameter-value>
                        <command-parameter-value value="false">
                            <parameter-definition>9f43ea0b-0a08-460a-aa4f-9abe88122ed0</parameter-definition>
                        </command-parameter-value>
                        <command-parameter-value value="true">
                            <parameter-definition>2e59f575-8479-4ad5-8bf0-8139c0aa6baf</parameter-definition>
                        </command-parameter-value>
                    </other-parameters>
                    <workflow-command>8915d894-e537-4ecd-a393-5632208f2203</workflow-command>
                </command-detail>
                <command-detail>
                    <command-mapped-objects/>
                    <execution-condition xmlns:xsi="http://www.w3.org/2001/XMLSchema-instance" xsi:type="expressionCondition" expression="$Action == 'Create'"/>
                    <other-parameters>
                        <command-parameter-value value="add">
                            <parameter-definition>529dc22e-3445-443c-8666-4e26c254ab63</parameter-definition>
                        </command-parameter-value>
                        <command-parameter-value>
                            <parameter-definition>fc38170d-a7b3-4c39-8864-dd7044c41e52</parameter-definition>
                        </command-parameter-value>
                        <command-parameter-value>
                            <parameter-definition>a7cecbc5-dce2-4199-ab84-640ad537e67c</parameter-definition>
                        </command-parameter-value>
                        <command-parameter-value>
                            <parameter-definition>77b993bf-6478-436a-93c2-cdd602dca114</parameter-definition>
                        </command-parameter-value>
                        <command-parameter-value>
                            <parameter-definition>ff407d09-5cb3-4ad2-a4ec-0185db7fe184</parameter-definition>
                        </command-parameter-value>
                        <command-parameter-value>
                            <parameter-definition>a4d5a8c3-a8d1-4475-be27-053d9d0cdd6a</parameter-definition>
                        </command-parameter-value>
                        <command-parameter-value>
                            <parameter-definition>53332105-4ef8-47cb-a1e8-c84dbd8b8ec7</parameter-definition>
                        </command-parameter-value>
                        <command-parameter-value>
                            <parameter-definition>a02c5854-df1d-4f20-9a54-4abe5c77b52b</parameter-definition>
                        </command-parameter-value>
                        <command-parameter-value value="'12288'">
                            <parameter-definition>288c154e-721f-4b53-8af4-d988040e7042</parameter-definition>
                        </command-parameter-value>
                        <command-parameter-value value="'4272'">
                            <parameter-definition>d0a822b9-da45-4d8b-86fb-2ac289303a54</parameter-definition>
                        </command-parameter-value>
                        <command-parameter-value value="'Extreme'">
                            <parameter-definition>c3d514c2-c955-466a-a268-5da4f10e06c2</parameter-definition>
                        </command-parameter-value>
                        <command-parameter-value value="'50'">
                            <parameter-definition>0a50a1df-fb15-4bc2-a98a-d9040d45ee75</parameter-definition>
                        </command-parameter-value>
                        <command-parameter-value>
                            <parameter-definition>e17f9ac9-75fd-4924-a08f-46308e590e9b</parameter-definition>
                        </command-parameter-value>
                        <command-parameter-value>
                            <parameter-definition>d8bc7394-a1b8-41a5-97a3-3fee095ba2c8</parameter-definition>
                        </command-parameter-value>
                        <command-parameter-value value="">
                            <parameter-definition>c54517f1-364f-475e-be19-9966a0b8f586</parameter-definition>
                        </command-parameter-value>
                        <command-parameter-value value="">
                            <parameter-definition>0ab7e371-e009-4a8f-935d-c676d155de94</parameter-definition>
                        </command-parameter-value>
                        <command-parameter-value value="true">
                            <parameter-definition>824ce783-27d6-4033-80ec-9bc6aaa57c18</parameter-definition>
                        </command-parameter-value>
                    </other-parameters>
                    <workflow-command>4736fd36-897c-42e5-b278-c32a6231ddcc</workflow-command>
                </command-detail>
            </command-details>
            <execution-condition xmlns:xsi="http://www.w3.org/2001/XMLSchema-instance" xsi:type="alwaysCondition"/>
            <row-loop-info iteratorName="Index7" numberOfIterationsExpression="$Action != &quot;Update&quot;?1:0">
                <loop-variables/>
            </row-loop-info>
        </row>
        <row>
            <command-details>
                <command-detail>
                    <command-mapped-objects/>
                    <execution-condition xmlns:xsi="http://www.w3.org/2001/XMLSchema-instance" xsi:type="expressionCondition" expression="$Action == 'Create'"/>
                    <other-parameters/>
                    <workflow-command>efd6ce67-44a0-432b-9107-57ea31fc0308</workflow-command>
                </command-detail>
                <command-detail>
                    <command-mapped-objects/>
                    <execution-condition xmlns:xsi="http://www.w3.org/2001/XMLSchema-instance" xsi:type="expressionCondition" expression="$Action == 'Create'"/>
                    <other-parameters/>
                    <workflow-command>d4bf6a8e-79d0-415b-8275-43bad9827e8b</workflow-command>
                </command-detail>
                <command-detail>
                    <command-mapped-objects/>
                    <execution-condition xmlns:xsi="http://www.w3.org/2001/XMLSchema-instance" xsi:type="expressionCondition" expression="$Action == 'Drop'"/>
                    <other-parameters>
                        <command-parameter-value value="Drop">
                            <parameter-definition>abdded7c-e127-409a-9007-270652d01245</parameter-definition>
                        </command-parameter-value>
                    </other-parameters>
                    <workflow-command>06b69dd1-afe8-4dad-aecf-5db733da694e</workflow-command>
                </command-detail>
                <command-detail>
                    <command-mapped-objects/>
                    <execution-condition xmlns:xsi="http://www.w3.org/2001/XMLSchema-instance" xsi:type="expressionCondition" expression="$Action == 'Drop'"/>
                    <other-parameters>
                        <command-parameter-value value="Stop Service">
                            <parameter-definition>b866dab2-3729-4a46-a440-3f6bbdfcbb68</parameter-definition>
                        </command-parameter-value>
                    </other-parameters>
                    <workflow-command>6a6015f6-c7bf-491d-954d-266208904119</workflow-command>
                </command-detail>
                <command-detail>
                    <command-mapped-objects/>
                    <execution-condition xmlns:xsi="http://www.w3.org/2001/XMLSchema-instance" xsi:type="expressionCondition" expression="$Action == 'Drop'"/>
                    <other-parameters>
                        <command-parameter-value value="Remove Service">
                            <parameter-definition>b866dab2-3729-4a46-a440-3f6bbdfcbb68</parameter-definition>
                        </command-parameter-value>
                    </other-parameters>
                    <workflow-command>7c514099-fcc4-4a1f-8203-3f56d70dbcfb</workflow-command>
                </command-detail>
            </command-details>
            <execution-condition xmlns:xsi="http://www.w3.org/2001/XMLSchema-instance" xsi:type="alwaysCondition"/>
            <row-loop-info iteratorName="Index8" numberOfIterationsExpression="$Action != &quot;Update&quot;?1:0">
                <loop-variables/>
            </row-loop-info>
        </row>
        <row>
            <command-details>
                <command-detail>
                    <command-mapped-objects/>
                    <execution-condition xmlns:xsi="http://www.w3.org/2001/XMLSchema-instance" xsi:type="alwaysCondition"/>
                    <other-parameters>
                        <command-parameter-value value="Alter">
                            <parameter-definition>aac0faed-9435-4dce-ad99-5daa3782d4b8</parameter-definition>
                        </command-parameter-value>
                    </other-parameters>
                    <workflow-command>c4f1fa12-118d-4c06-9891-cfe70be0f661</workflow-command>
                </command-detail>
                <command-detail>
                    <command-mapped-objects/>
                    <execution-condition xmlns:xsi="http://www.w3.org/2001/XMLSchema-instance" xsi:type="expressionCondition" expression="$Action == 'Update'"/>
                    <other-parameters>
                        <command-parameter-value value="Create">
                            <parameter-definition>37b1e0bb-0ce4-4116-9224-c44e6efdd32e</parameter-definition>
                        </command-parameter-value>
                    </other-parameters>
                    <workflow-command>6590563a-17cf-4dce-a2bc-bf06e530ea1f</workflow-command>
                </command-detail>
                <command-detail>
                    <command-mapped-objects/>
                    <execution-condition xmlns:xsi="http://www.w3.org/2001/XMLSchema-instance" xsi:type="alwaysCondition"/>
                    <other-parameters>
                        <command-parameter-value value="Update">
                            <parameter-definition>cdec5a88-b5ac-4e95-bd3a-2727563f44c4</parameter-definition>
                        </command-parameter-value>
                    </other-parameters>
                    <workflow-command>a2b560f0-5939-46cd-bb00-eb8b39237c85</workflow-command>
                </command-detail>
            </command-details>
            <execution-condition xmlns:xsi="http://www.w3.org/2001/XMLSchema-instance" xsi:type="alwaysCondition"/>
            <row-loop-info iteratorName="Index1" numberOfIterationsExpression="$Action == &quot;Update&quot;?1:0">
                <loop-variables/>
            </row-loop-info>
        </row>
    </rows>
    <user-input-groups>
        <user-input-group expandByDefault="false" name="">
            <user-inputs>
                <user-input defaultValue="Create" description="Decide whether you want to create or delete setup or Update Setup.  Use update to move from 1.0.0 release of service level pack to 1.1.0" displayName="Action?" locked="true" mandatory="true" name="$Action" uuid="6f9e3e0f-5a23-4f10-a5af-7580b640da1c">
                    <user-input-type xmlns:xsi="http://www.w3.org/2001/XMLSchema-instance" xsi:type="enumUserInputType" enumValues="Create,Drop,Update" viewAsRadio="false"/>
                </user-input>
            </user-inputs>
        </user-input-group>
    </user-input-groups>
    <workflow-constants>
        <workflow-constant name="DEBUG" value="0">
            <description>“debug” is used to more deeply understand what the Kitchen Police is doing.  The default is 0, which turns off all debug messages to syslog.

The format is:
debug decimal-number

• Debug 1 turns on basic debugging information and frequently pauses the program for 1 second.
• Debug 2 turns on verbose debugging information and frequently pauses the program for 2 seconds.
• Debug 3 or higher turns on extremely detailed debugging information and frequently pauses the program for 3 seconds.</description>
        </workflow-constant>
        <workflow-constant name="DEFAULT_ENFORCEMENT" value="'effective'">
            <description>The “defaultenforcement” keyword selects the default mode for a service level.

The format is:
defaultenforcement mode

There are three (3) modes:
• thick
• thin
• effective</description>
        </workflow-constant>
        <workflow-constant name="DEFAULT_MIN_IOPS" value="75">
            <description>The “defaultminiops” sets the default lowest number of absolute IOPS for the max-throughput value of a volume QoS policy.

The format is:
defaultminiops decimal-number</description>
        </workflow-constant>
        <workflow-constant name="DEFAULT_SERVICE_LEVEL" value="'none'">
            <description>The Default Service Level is the service level definition used if a volume cannot be matched to any of the service level definitions provided in the configuration file.

The format is:
defaultservicelevel service-level-name</description>
        </workflow-constant>
        <workflow-constant name="DEFAULT_THIN_MIN" value="50">
            <description>The “defaultthinmin” keyword sets the default minimum percentage of capacity used to calculate the max-throughput value for the volume QoS policy.

The format is:
defaultthinmin decimal-number</description>
        </workflow-constant>
        <workflow-constant name="FACILITY" value="'user'">
            <description>“facility” is the syslog facility that tags all messages written to syslog.

The format is:
facility syslog-facility</description>
        </workflow-constant>
        <workflow-constant name="LOG_TO_CONSOLE" value="0">
            <description>“logtoconsole” controls whether messages are written to only the syslog, or also to the console.

The format is:
logtoconsole 0-or-1

The default is 0, which means messages are written only to syslog.  Setting this variable to 1 causes all messages to also be written to the console.</description>
        </workflow-constant>
        <workflow-constant name="MAX_CPU_DURATION" value="60">
            <description>“maxcpuduration” is the amount of time that the Kitchen Police measures CPU usage of the controller hosting the cluster management IP. This value controls how often the Kitchen Police checks the volumes for changes.

The format is:
maxcpuduration decimal-number</description>
        </workflow-constant>
        <workflow-constant name="MAX_CPU_PERCENT" value="90">
            <description>“maxcpupercent” sets the maximum CPU busy for the controller hosting the cluster management IP. 

The format is:
maxcpupercent decimal-number</description>
        </workflow-constant>
        <workflow-constant name="PREFER" value="'faster'">
            <description>In the case when a volume matches multiple service level definitions in the configuration file, the “prefer” keyword is used to default select the faster or the slower of service level definitions matching the volume.

The format is:
prefer preference

There are two preferences:
• faster
• slower</description>
        </workflow-constant>
    </workflow-constants>
</tabularWorkflow>
